Workbook

Sheet README
A1: ExerLink · ข้อมูลสำหรับ Dashboard เชิงเล่าเรื่อง (รายวิชา Business Idea Creation)
A2: ข้อมูลจำลองเพื่อการออกแบบ ยังไม่ใช่ข้อมูลจริงของโรงงานหรือนิคมฯ ใด
A4: โครงสร้างข้อมูลทำตาม Dashboard Brief Canvas (ดูชีต Brief_Canvas)
A5: Fact = ตารางหลัก 1 แถว = โรงงาน × ชนิดของเสีย × เดือน (Grain)
A6: Dim_Factory / Dim_Stream = มิติสำหรับตัดมุมมอง (Dimension)
A7: Monthly = สรุป KPI รายเดือน คำนวณด้วยสูตร SUMIFS จาก Fact (Metric)
A8: Revenue = รายได้ ExerLink รายไตรมาส
A10: ตัวเลขสีน้ำเงิน = ค่าป้อน · สีดำ = สูตร · สีเขียว = ดึงจากชีตอื่น
A11: แหล่งข้อมูลจริงที่จะใช้แทน: ทะเบียนโรงงาน DIW, gdcatalog, ค่า EF ของ TGO, ใบรับของเสีย/ใบแจ้งหนี้ผู้รับกำจัด

Sheet Brief_Canvas
A1: Dashboard Brief Canvas → ข้อมูลที่ใช้
A3: ช่อง | B3: คำตอบ | C3: อยู่ในข้อมูลตรงไหน
A4: 1. User | B4: ผู้จัดการโครงการ ExerLink ประจำนิคมฯ และวิศวกรในทีม | C4: —
A5: 2. Decision | B5: เดือนนี้ส่งวิศวกรไปทำงานกับโรงงาน/ของเสียไหน และควรคุยต่อสมาชิกกับใคร | C5: Fact + Dim_Factory[status, trial_days_left]
A6: 3. Metric | B6: % ต้นทุนที่ลดได้ · % ไปหลุมฝังกลบ · ตันที่เลี่ยงหลุมฝังกลบ · ดีลที่ปิดได้ · อัตราต่อสมาชิก | C6: Monthly (สูตรจาก Fact) + Dim_Factory[status]
A7: 4. Grain | B7: 1 แถว = โรงงาน × ชนิดของเสีย × เดือน | C7: ชีต Fact (132 แถว)
A8: 5. Dimension | B8: เวลา · โรงงาน/ขนาด S-M-L · ชนิดของเสีย · ใบอนุญาตผู้รับ 101/105/106 · สถานะลูกค้า | C8: Fact[month] · Dim_Factory · Dim_Stream
A9: 6. Action | B9: ต่ำกว่าเป้า → หาผู้รับใหม่ · ประหยัดเกินเป้าแต่ไม่ต่อ → ส่งรายงานผลไปคุย · ทดลองใกล้หมด → นัดคุย | C9: กฎคำนวณจาก Fact + Dim_Factory

Sheet Dim_Factory
A1: Dim_Factory · โรงงานนำร่อง (สถานะ ณ 30 ก.ย. 2569)
A3: factory_id | B3: อุตสาหกรรม | C3: ขนาด (แพ็กเกจ) | D3: เดือนที่เข้าร่วม (1=ม.ค.) | E3: ค่ากำจัดเดิม บาท/เดือน | F3: สถานะลูกค้า | G3: เป็นสมาชิกตั้งแต่ | H3: ทดลองฟรีเหลือ (วัน) | I3: ชนิดของเสีย
A4: F01 | B4: ชิ้นส่วนโลหะ | C4: M | D4: 1 | E4: 90000 | F4: สมาชิก | G4: 2026-04 | I4: เศษโลหะ/เศษเหล็กปน, กากตะกอน/ของเสียอื่น
A5: F02 | B5: บรรจุภัณฑ์พลาสติก | C5: S | D5: 1 | E5: 55000 | F5: หมดทดลอง-ยังไม่ต่อ | I5: เศษพลาสติก PP
A6: F03 | B6: เฟอร์นิเจอร์ไม้ | C6: S | D6: 2 | E6: 55000 | F6: หมดทดลอง-ยังไม่ต่อ | I6: ขี้เลื่อยไม้, น้ำมันหล่อลื่นใช้แล้ว
A7: F04 | B7: แม่พิมพ์โลหะ | C7: M | D7: 3 | E7: 90000 | F7: หมดทดลอง-ยังไม่ต่อ | I7: เศษโลหะ/เศษเหล็กปน, น้ำมันหล่อลื่นใช้แล้ว
A8: F05 | B8: สิ่งพิมพ์/กล่อง | C8: S | D8: 3 | E8: 55000 | F8: สมาชิก | G8: 2026-06 | I8: เศษกระดาษ/กล่อง, เศษพลาสติก PP
A9: F06 | B9: สิ่งทอ | C9: M | D9: 4 | E9: 90000 | F9: หมดทดลอง-ยังไม่ต่อ | I9: เศษผ้า/ใยสังเคราะห์, เศษกระดาษ/กล่อง
A10: F07 | B10: ชิ้นส่วนยานยนต์ | C10: L | D10: 5 | E10: 165000 | F10: สมาชิก | G10: 2026-08 | I10: เศษโลหะ/เศษเหล็กปน, เศษพลาสติก PP, น้ำมันหล่อลื่นใช้แล้ว
A11: F08 | B11: อาหารแปรรูป | C11: S | D11: 5 | E11: 55000 | F11: หมดทดลอง-ยังไม่ต่อ | I11: เศษกระดาษ/กล่อง, กากตะกอน/ของเสียอื่น
A12: F09 | B12: เฟอร์นิเจอร์ไม้ | C12: S | D12: 6 | E12: 55000 | F12: หมดทดลอง-ยังไม่ต่อ | I12: ขี้เลื่อยไม้, น้ำมันหล่อลื่นใช้แล้ว
A13: F10 | B13: ชิ้นส่วนอิเล็กทรอนิกส์ | C13: M | D13: 7 | E13: 90000 | F13: ทดลองฟรี | H13: 10 | I13: เศษพลาสติก PP, เศษกระดาษ/กล่อง, น้ำมันหล่อลื่นใช้แล้ว
A14: F11 | B14: เครื่องนุ่งห่ม | C14: S | D14: 8 | E14: 55000 | F14: ทดลองฟรี | H14: 45 | I14: เศษผ้า/ใยสังเคราะห์, เศษกระดาษ/กล่อง
A15: F12 | B15: ชิ้นส่วนโลหะ | C15: L | D15: 9 | E15: 165000 | F15: ทดลองฟรี | H15: 63 | I15: เศษโลหะ/เศษเหล็กปน, น้ำมันหล่อลื่นใช้แล้ว, กากตะกอน/ของเสียอื่น
A17: ค่ากำจัดเดิมตามขนาด (สมมติฐาน): S 55,000 · M 90,000 · L 165,000 บาท/เดือน — แทนด้วยใบแจ้งหนี้จริง

Sheet Dim_Stream
A1: Dim_Stream · ชนิดของเสีย
A3: stream_id | B3: ชนิดของเสีย | C3: รหัสของเสีย | D3: ใบอนุญาตผู้รับ | E3: ผู้รับ | F3: เริ่มจับคู่ได้ (เดือน)
A4: metal | B4: เศษโลหะ/เศษเหล็กปน | C4: 12 01 01 | D4: 105 | E4: R1 โรงคัดแยกโลหะ | F4: 1
A5: pp | B5: เศษพลาสติก PP | C5: 07 02 13 | D5: 105 | E5: R2 โรงรีไซเคิลพลาสติก | F5: 2
A6: paper | B6: เศษกระดาษ/กล่อง | C6: 15 01 01 | D6: 105 | E6: R3 โรงรีไซเคิลกระดาษ | F6: 3
A7: sawdust | B7: ขี้เลื่อยไม้ | C7: 03 01 05 | D7: 105 | E7: R4 โรงเชื้อเพลิงชีวมวล | F7: 4
A8: textile | B8: เศษผ้า/ใยสังเคราะห์ | C8: 04 02 22 | D8: 105 | E8: R5 โรงผลิต RDF | F8: 6
A9: oil | B9: น้ำมันหล่อลื่นใช้แล้ว | C9: 13 02 05* | D9: 106 | E9: (รวมของให้ถึงขั้นต่ำ) | F9: ยังไม่ได้
A10: sludge | B10: กากตะกอน/ของเสียอื่น | C10: — | D10: 101 | E10: (ยังไม่มีผู้รับ) | F10: ยังไม่ได้

Sheet Fact
A1: Fact · 1 แถว = โรงงาน × ชนิดของเสีย × เดือน
A3: เดือน (1-9) | B3: เดือน | C3: factory_id | D3: stream_id | E3: ขนาด | F3: ใบอนุญาตผู้รับ | G3: ตันที่ลงทะเบียน | H3: ตันที่จับคู่ได้ | I3: ตันไปหลุมฝังกลบ | J3: ต้นทุนที่ลดได้ (บาท) | K3: kgCO₂e ที่ลดได้ | L3: ดีลที่ปิดได้
A4: 1 | B4: ม.ค. 69 | C4: F01 | D4: metal | E4: =INDEX(Dim_Factory!$C$4:$C$15,MATCH(C4,Dim_Factory!$A$4:$A$15,0)) -> M | F4: =INDEX(Dim_Stream!$D$4:$D$10,MATCH(D4,Dim_Stream!$A$4:$A$10,0)) -> 105 | G4: 21.7 | H4: 10 | I4: =G4-H4 -> 11.7 | J4: 9000 | K4: 3500 | L4: 1
A5: 1 | B5: ม.ค. 69 | C5: F01 | D5: sludge | E5: =INDEX(Dim_Factory!$C$4:$C$15,MATCH(C5,Dim_Factory!$A$4:$A$15,0)) -> M | F5: =INDEX(Dim_Stream!$D$4:$D$10,MATCH(D5,Dim_Stream!$A$4:$A$10,0)) -> 101 | G5: 13.3 | H5: 0 | I5: =G5-H5 -> 13.3 | J5: 0 | K5: 0 | L5: 0
A6: 1 | B6: ม.ค. 69 | C6: F02 | D6: pp | E6: =INDEX(Dim_Factory!$C$4:$C$15,MATCH(C6,Dim_Factory!$A$4:$A$15,0)) -> S | F6: =INDEX(Dim_Stream!$D$4:$D$10,MATCH(D6,Dim_Stream!$A$4:$A$10,0)) -> 105 | G6: 10 | H6: 0 | I6: =G6-H6 -> 10 | J6: 0 | K6: 0 | L6: 0
A7: 2 | B7: ก.พ. 69 | C7: F01 | D7: metal | E7: =INDEX(Dim_Factory!$C$4:$C$15,MATCH(C7,Dim_Factory!$A$4:$A$15,0)) -> M | F7: =INDEX(Dim_Stream!$D$4:$D$10,MATCH(D7,Dim_Stream!$A$4:$A$10,0)) -> 105 | G7: 27.8 | H7: 14 | I7: =G7-H7 -> 13.8 | J7: 10660 | K7: 4623 | L7: 1
A8: 2 | B8: ก.พ. 69 | C8: F01 | D8: sludge | E8: =INDEX(Dim_Factory!$C$4:$C$15,MATCH(C8,Dim_Factory!$A$4:$A$15,0)) -> M | F8: =INDEX(Dim_Stream!$D$4:$D$10,MATCH(D8,Dim_Stream!$A$4:$A$10,0)) -> 101 | G8: 11.3 | H8: 0 | I8: =G8-H8 -> 11.3 | J8: 0 | K8: 0 | L8: 0
A9: 2 | B9: ก.พ. 69 | C9: F02 | D9: pp | E9: =INDEX(Dim_Factory!$C$4:$C$15,MATCH(C9,Dim_Factory!$A$4:$A$15,0)) -> S | F9: =INDEX(Dim_Stream!$D$4:$D$10,MATCH(D9,Dim_Stream!$A$4:$A$10,0)) -> 105 | G9: 11.9 | H9: 6 | I9: =G9-H9 -> 5.9 | J9: 6340 | K9: 2477 | L9: 1
A10: 2 | B10: ก.พ. 69 | C10: F03 | D10: sawdust | E10: =INDEX(Dim_Factory!$C$4:$C$15,MATCH(C10,Dim_Factory!$A$4:$A$15,0)) -> S | F10: =INDEX(Dim_Stream!$D$4:$D$10,MATCH(D10,Dim_Stream!$A$4:$A$10,0)) -> 105 | G10: 8.5 | H10: 0 | I10: =G10-H10 -> 8.5 | J10: 0 | K10: 0 | L10: 0
A11: 2 | B11: ก.พ. 69 | C11: F03 | D11: oil | E11: =INDEX(Dim_Factory!$C$4:$C$15,MATCH(C11,Dim_Factory!$A$4:$A$15,0)) -> S | F11: =INDEX(Dim_Stream!$D$4:$D$10,MATCH(D11,Dim_Stream!$A$4:$A$10,0)) -> 106 | G11: 0.5 | H11: 0 | I11: =G11-H11 -> 0.5 | J11: 0 | K11: 0 | L11: 0
A12: 3 | B12: มี.ค. 69 | C12: F01 | D12: metal | E12: =INDEX(Dim_Factory!$C$4:$C$15,MATCH(C12,Dim_Factory!$A$4:$A$15,0)) -> M | F12: =INDEX(Dim_Stream!$D$4:$D$10,MATCH(D12,Dim_Stream!$A$4:$A$10,0)) -> 105 | G12: 16.5 | H12: 9 | I12: =G12-H12 -> 7.5 | J12: 7310 | K12: 3126 | L12: 1
A13: 3 | B13: มี.ค. 69 | C13: F01 | D13: sludge | E13: =INDEX(Dim_Factory!$C$4:$C$15,MATCH(C13,Dim_Factory!$A$4:$A$15,0)) -> M | F13: =INDEX(Dim_Stream!$D$4:$D$10,MATCH(D13,Dim_Stream!$A$4:$A$10,0)) -> 101 | G13: 9.3 | H13: 0 | I13: =G13-H13 -> 9.3 | J13: 0 | K13: 0 | L13: 0
A14: 3 | B14: มี.ค. 69 | C14: F02 | D14: pp | E14: =INDEX(Dim_Factory!$C$4:$C$15,MATCH(C14,Dim_Factory!$A$4:$A$15,0)) -> S | F14: =INDEX(Dim_Stream!$D$4:$D$10,MATCH(D14,Dim_Stream!$A$4:$A$10,0)) -> 105 | G14: 9.2 | H14: 5 | I14: =G14-H14 -> 4.2 | J14: 5650 | K14: 2172 | L14: 1
A15: 3 | B15: มี.ค. 69 | C15: F03 | D15: sawdust | E15: =INDEX(Dim_Factory!$C$4:$C$15,MATCH(C15,Dim_Factory!$A$4:$A$15,0)) -> S | F15: =INDEX(Dim_Stream!$D$4:$D$10,MATCH(D15,Dim_Stream!$A$4:$A$10,0)) -> 105 | G15: 7.1 | H15: 0 | I15: =G15-H15 -> 7.1 | J15: 0 | K15: 0 | L15: 0
... A135: 9 | B135: ก.ย. 69 | C135: F12 | D135: sludge | E135: =INDEX(Dim_Factory!$C$4:$C$15,MATCH(C135,Dim_Factory!$A$4:$A$15,0)) -> L | F135: =INDEX(Dim_Stream!$D$4:$D$10,MATCH(D135,Dim_Stream!$A$4:$A$10,0)) -> 101 | G135: 6.6 | H135: 0 | I135: =G135-H135 -> 6.6 | J135: 0 | K135: 0 | L135: 0

Sheet Monthly
A1: Monthly · KPI รายเดือน (สูตร SUMIFS จาก Fact)
A3: เดือน (1-9) | B3: เดือน | C3: โรงงานในระบบ | D3: ตันที่ลงทะเบียน | E3: ตันที่จับคู่ได้ | F3: % ไปหลุมฝังกลบ | G3: ต้นทุนที่ลดได้ (บาท) | H3: ค่ากำจัดเดิมรวม (บาท) | I3: % ต้นทุนที่ลดได้ | J3: kgCO₂e | K3: ดีลที่ปิดได้
A4: 1 | B4: ม.ค. 69 | C4: =COUNTIF(Dim_Factory!$D$4:$D$15,"<="&A4) -> 2 | D4: =SUMIFS(Fact!$G$4:$G$135,Fact!$A$4:$A$135,A4) -> 45 | E4: =SUMIFS(Fact!$H$4:$H$135,Fact!$A$4:$A$135,A4) -> 10 | F4: =IFERROR((D4-E4)/D4,0) -> 0.77777778 | G4: =SUMIFS(Fact!$J$4:$J$135,Fact!$A$4:$A$135,A4) -> 9000 | H4: =SUMIFS(Dim_Factory!$E$4:$E$15,Dim_Factory!$D$4:$D$15,"<="&A4) -> 145000 | I4: =IFERROR(G4/H4,0) -> 0.062068966 | J4: =SUMIFS(Fact!$K$4:$K$135,Fact!$A$4:$A$135,A4) -> 3500 | K4: =SUMIFS(Fact!$L$4:$L$135,Fact!$A$4:$A$135,A4) -> 1
A5: 2 | B5: ก.พ. 69 | C5: =COUNTIF(Dim_Factory!$D$4:$D$15,"<="&A5) -> 3 | D5: =SUMIFS(Fact!$G$4:$G$135,Fact!$A$4:$A$135,A5) -> 60 | E5: =SUMIFS(Fact!$H$4:$H$135,Fact!$A$4:$A$135,A5) -> 20 | F5: =IFERROR((D5-E5)/D5,0) -> 0.66666667 | G5: =SUMIFS(Fact!$J$4:$J$135,Fact!$A$4:$A$135,A5) -> 17000 | H5: =SUMIFS(Dim_Factory!$E$4:$E$15,Dim_Factory!$D$4:$D$15,"<="&A5) -> 200000 | I5: =IFERROR(G5/H5,0) -> 0.085 | J5: =SUMIFS(Fact!$K$4:$K$135,Fact!$A$4:$A$135,A5) -> 7100 | K5: =SUMIFS(Fact!$L$4:$L$135,Fact!$A$4:$A$135,A5) -> 2
A6: 3 | B6: มี.ค. 69 | C6: =COUNTIF(Dim_Factory!$D$4:$D$15,"<="&A6) -> 5 | D6: =SUMIFS(Fact!$G$4:$G$135,Fact!$A$4:$A$135,A6) -> 78 | E6: =SUMIFS(Fact!$H$4:$H$135,Fact!$A$4:$A$135,A6) -> 33 | F6: =IFERROR((D6-E6)/D6,0) -> 0.57692308 | G6: =SUMIFS(Fact!$J$4:$J$135,Fact!$A$4:$A$135,A6) -> 30000 | H6: =SUMIFS(Dim_Factory!$E$4:$E$15,Dim_Factory!$D$4:$D$15,"<="&A6) -> 345000 | I6: =IFERROR(G6/H6,0) -> 0.086956522 | J6: =SUMIFS(Fact!$K$4:$K$135,Fact!$A$4:$A$135,A6) -> 11900 | K6: =SUMIFS(Fact!$L$4:$L$135,Fact!$A$4:$A$135,A6) -> 3
A7: 4 | B7: เม.ย. 69 | C7: =COUNTIF(Dim_Factory!$D$4:$D$15,"<="&A7) -> 6 | D7: =SUMIFS(Fact!$G$4:$G$135,Fact!$A$4:$A$135,A7) -> 84 | E7: =SUMIFS(Fact!$H$4:$H$135,Fact!$A$4:$A$135,A7) -> 40 | F7: =IFERROR((D7-E7)/D7,0) -> 0.52380952 | G7: =SUMIFS(Fact!$J$4:$J$135,Fact!$A$4:$A$135,A7) -> 41000 | H7: =SUMIFS(Dim_Factory!$E$4:$E$15,Dim_Factory!$D$4:$D$15,"<="&A7) -> 435000 | I7: =IFERROR(G7/H7,0) -> 0.094252874 | J7: =SUMIFS(Fact!$K$4:$K$135,Fact!$A$4:$A$135,A7) -> 14800 | K7: =SUMIFS(Fact!$L$4:$L$135,Fact!$A$4:$A$135,A7) -> 4
A8: 5 | B8: พ.ค. 69 | C8: =COUNTIF(Dim_Factory!$D$4:$D$15,"<="&A8) -> 8 | D8: =SUMIFS(Fact!$G$4:$G$135,Fact!$A$4:$A$135,A8) -> 98 | E8: =SUMIFS(Fact!$H$4:$H$135,Fact!$A$4:$A$135,A8) -> 50 | F8: =IFERROR((D8-E8)/D8,0) -> 0.48979592 | G8: =SUMIFS(Fact!$J$4:$J$135,Fact!$A$4:$A$135,A8) -> 58000 | H8: =SUMIFS(Dim_Factory!$E$4:$E$15,Dim_Factory!$D$4:$D$15,"<="&A8) -> 655000 | I8: =IFERROR(G8/H8,0) -> 0.088549618 | J8: =SUMIFS(Fact!$K$4:$K$135,Fact!$A$4:$A$135,A8) -> 18700 | K8: =SUMIFS(Fact!$L$4:$L$135,Fact!$A$4:$A$135,A8) -> 4
A9: 6 | B9: มิ.ย. 69 | C9: =COUNTIF(Dim_Factory!$D$4:$D$15,"<="&A9) -> 9 | D9: =SUMIFS(Fact!$G$4:$G$135,Fact!$A$4:$A$135,A9) -> 118 | E9: =SUMIFS(Fact!$H$4:$H$135,Fact!$A$4:$A$135,A9) -> 65 | F9: =IFERROR((D9-E9)/D9,0) -> 0.44915254 | G9: =SUMIFS(Fact!$J$4:$J$135,Fact!$A$4:$A$135,A9) -> 79000 | H9: =SUMIFS(Dim_Factory!$E$4:$E$15,Dim_Factory!$D$4:$D$15,"<="&A9) -> 710000 | I9: =IFERROR(G9/H9,0) -> 0.11126761 | J9: =SUMIFS(Fact!$K$4:$K$135,Fact!$A$4:$A$135,A9) -> 24900 | K9: =SUMIFS(Fact!$L$4:$L$135,Fact!$A$4:$A$135,A9) -> 5
A10: 7 | B10: ก.ค. 69 | C10: =COUNTIF(Dim_Factory!$D$4:$D$15,"<="&A10) -> 10 | D10: =SUMIFS(Fact!$G$4:$G$135,Fact!$A$4:$A$135,A10) -> 112 | E10: =SUMIFS(Fact!$H$4:$H$135,Fact!$A$4:$A$135,A10) -> 62 | F10: =IFERROR((D10-E10)/D10,0) -> 0.44642857 | G10: =SUMIFS(Fact!$J$4:$J$135,Fact!$A$4:$A$135,A10) -> 92000 | H10: =SUMIFS(Dim_Factory!$E$4:$E$15,Dim_Factory!$D$4:$D$15,"<="&A10) -> 800000 | I10: =IFERROR(G10/H10,0) -> 0.115 | J10: =SUMIFS(Fact!$K$4:$K$135,Fact!$A$4:$A$135,A10) -> 22100 | K10: =SUMIFS(Fact!$L$4:$L$135,Fact!$A$4:$A$135,A10) -> 5
A11: 8 | B11: ส.ค. 69 | C11: =COUNTIF(Dim_Factory!$D$4:$D$15,"<="&A11) -> 11 | D11: =SUMIFS(Fact!$G$4:$G$135,Fact!$A$4:$A$135,A11) -> 120 | E11: =SUMIFS(Fact!$H$4:$H$135,Fact!$A$4:$A$135,A11) -> 70 | F11: =IFERROR((D11-E11)/D11,0) -> 0.41666667 | G11: =SUMIFS(Fact!$J$4:$J$135,Fact!$A$4:$A$135,A11) -> 112000 | H11: =SUMIFS(Dim_Factory!$E$4:$E$15,Dim_Factory!$D$4:$D$15,"<="&A11) -> 855000 | I11: =IFERROR(G11/H11,0) -> 0.13099415 | J11: =SUMIFS(Fact!$K$4:$K$135,Fact!$A$4:$A$135,A11) -> 28600 | K11: =SUMIFS(Fact!$L$4:$L$135,Fact!$A$4:$A$135,A11) -> 6
A12: 9 | B12: ก.ย. 69 | C12: =COUNTIF(Dim_Factory!$D$4:$D$15,"<="&A12) -> 12 | D12: =SUMIFS(Fact!$G$4:$G$135,Fact!$A$4:$A$135,A12) -> 130 | E12: =SUMIFS(Fact!$H$4:$H$135,Fact!$A$4:$A$135,A12) -> 82 | F12: =IFERROR((D12-E12)/D12,0) -> 0.36923077 | G12: =SUMIFS(Fact!$J$4:$J$135,Fact!$A$4:$A$135,A12) -> 146700 | H12: =SUMIFS(Dim_Factory!$E$4:$E$15,Dim_Factory!$D$4:$D$15,"<="&A12) -> 1020000 | I12: =IFERROR(G12/H12,0) -> 0.14382353 | J12: =SUMIFS(Fact!$K$4:$K$135,Fact!$A$4:$A$135,A12) -> 35700 | K12: =SUMIFS(Fact!$L$4:$L$135,Fact!$A$4:$A$135,A12) -> 7
A13: รวม/ล่าสุด | C13: =C12 -> 12 | D13: =SUM(D4:D12) -> 845 | E13: =SUM(E4:E12) -> 432 | F13: =IFERROR((D13-E13)/D13,0) -> 0.4887574 | G13: =SUM(G4:G12) -> 584700 | H13: =SUM(H4:H12) -> 5165000 | I13: =IFERROR(G13/H13,0) -> 0.11320426 | J13: =SUM(J4:J12) -> 167300 | K13: =SUM(K4:K12) -> 37
A15: อัตราต่อสมาชิก (โรงงานที่ทดลองครบแล้ว)
A16: ทดลองครบ | B16: =COUNTIF(Dim_Factory!$F$4:$F$15,"สมาชิก")+COUNTIF(Dim_Factory!$F$4:$F$15,"หมดทดลอง-ยังไม่ต่อ") -> 9
A17: ต่อสมาชิก | B17: =COUNTIF(Dim_Factory!$F$4:$F$15,"สมาชิก") -> 3
A18: อัตราต่อ | B18: =IFERROR(B17/B16,0) -> 0.33333333
A19: เป้าลดต้นทุน (BMC) | B19: 0.1 | C19: 0.2

Sheet Revenue
A1: Revenue · รายได้ ExerLink รายไตรมาส
A3: ช่องทางรายได้ (BMC) | B3: Q1/2569 | C3: Q2/2569 | D3: Q3/2569
A4: Resource mapping ทั้งนิคม | B4: 0 | C4: 0 | D4: 300000
A5: สมาชิกรายปี S/M/L | B5: 0 | C5: 42000 | D5: 102000
A6: คอมมิชชันดีล 3–5% | B6: 6000 | C6: 33000 | D6: 58000
A7: ค่าเตรียมเอกสาร กอ.1/กอ.2 | B7: 12000 | C7: 21500 | D7: 26400
A8: งบสนับสนุนเมืองอุตสาหกรรมเชิงนิเวศ | B8: 0 | C8: 0 | D8: 0
A9: รวม | B9: =SUM(B4:B8) -> 18000 | C9: =SUM(C4:C8) -> 96500 | D9: =SUM(D4:D8) -> 486400
A10: รายได้ประจำ (สมาชิก + คอมมิชชัน) | B10: =B5+B6 -> 6000 | C10: =C5+C6 -> 75000 | D10: =D5+D6 -> 160000
